[
    {
      "id": 1,
      "title": "producto: 1",
      "description": "producto de prueba numero: 1",
      "price": 100,
      "thumbnail": "Sin imagen",
      "code": "abc567",
      "stock": 59
    },
    {
      "id": 2,
      "title": "producto: 2",
      "description": "producto de prueba numero: 2",
      "price": 200,
      "thumbnail": "Sin imagen",
      "code": "abc564",
      "stock": 61
    },
    {
      "id": 3,
      "title": "producto: 3",
      "description": "producto de prueba numero: 3",
      "price": 300,
      "thumbnail": "Sin imagen",
      "code": "abc638",
      "stock": 98
    },
    {
      "id": 4,
      "title": "producto: 4",
      "description": "producto de prueba numero: 4",
      "price": 400,
      "thumbnail": "Sin imagen",
      "code": "abc294",
      "stock": 72
    },
    {
      "id": 5,
      "title": "producto: 5",
      "description": "producto de prueba numero: 5",
      "price": 500,
      "thumbnail": "Sin imagen",
      "code": "abc442",
      "stock": 24
    },
    {
      "id": 6,
      "title": "producto: 6",
      "description": "producto de prueba numero: 6",
      "price": 600,
      "thumbnail": "Sin imagen",
      "code": "abc188",
      "stock": 34
    },
    {
      "id": 7,
      "title": "producto: 7",
      "description": "producto de prueba numero: 7",
      "price": 700,
      "thumbnail": "Sin imagen",
      "code": "abc664",
      "stock": 73
    },
    {
      "id": 8,
      "title": "producto: 8",
      "description": "producto de prueba numero: 8",
      "price": 800,
      "thumbnail": "Sin imagen",
      "code": "abc671",
      "stock": 67
    },
    {
      "id": 9,
      "title": "producto: 9",
      "description": "producto de prueba numero: 9",
      "price": 900,
      "thumbnail": "Sin imagen",
      "code": "abc509",
      "stock": 95
    },
    {
      "id": 10,
      "title": "producto: 10",
      "description": "producto de prueba numero: 10",
      "price": 1000,
      "thumbnail": "Sin imagen",
      "code": "abc816",
      "stock": 7
    }
]